AUC,Threshold,False Positive Rate,True Positive Rate
0.7964168519106595,,,
,inf,0.0,0.0
,1.0,0.3681592039800995,0.9609929078014184
,0.0,1.0,1.0
