AUC,Threshold,False Positive Rate,True Positive Rate
0.8146207496794986,,,
,inf,0.0,0.0
,1.0,0.3333333333333333,0.9527186761229315
,0.75,0.35323383084577115,0.9550827423167849
,0.5,0.3681592039800995,0.9598108747044918
,0.25,0.3681592039800995,0.9680851063829787
,0.0,0.3880597014925373,0.9716312056737588
,-0.25,1.0,1.0
