AUC,Threshold,False Positive Rate,True Positive Rate
0.8010744151582514,,,
,inf,0.0,0.0
,1.0,0.3582089552238806,0.9562647754137116
,0.5,0.3681592039800995,0.9609929078014184
,0.0,0.3681592039800995,0.9633569739952719
,-0.5,1.0,1.0
