AUC,Threshold,False Positive Rate,True Positive Rate
0.8010861766816039,,,
,inf,0.0,0.0
,1.0,0.3582089552238806,0.9562647754137116
,0.5,0.3681592039800995,0.9633569739952719
,0.0,1.0,1.0
