AUC,Threshold,False Positive Rate,True Positive Rate
0.8226568105100973,,,
,inf,0.0,0.0
,1.0,0.31840796019900497,0.9491725768321513
,0.75,0.3482587064676617,0.9609929078014184
,0.625,0.3582089552238806,0.9621749408983451
,0.5,0.36318407960199006,0.9645390070921985
,0.375,0.38308457711442784,0.9692671394799054
,0.25,0.39800995024875624,0.975177304964539
,0.125,0.4228855721393035,0.9775413711583925
,0.0,1.0,1.0
