AUC,Threshold,False Positive Rate,True Positive Rate
0.8226568105100973,,,
,inf,0.0,0.0
,1.0,0.022458628841607566,0.5771144278606966
,0.875,0.024822695035460994,0.6019900497512438
,0.75,0.030732860520094562,0.6169154228855721
,0.625,0.03546099290780142,0.6368159203980099
,0.5,0.037825059101654845,0.6417910447761194
,0.375,0.03900709219858156,0.6517412935323383
,0.125,0.0508274231678487,0.681592039800995
,0.0,1.0,1.0
