AUC,Threshold,False Positive Rate,True Positive Rate
0.7964168519106596,,,
,inf,0.0,0.0
,1.0,0.03900709219858156,0.6318407960199005
,0.0,1.0,1.0
