AUC,Threshold,False Positive Rate,True Positive Rate
0.8010861766816038,,,
,inf,0.0,0.0
,1.0,0.03664302600472813,0.6318407960199005
,0.5,0.04373522458628842,0.6417910447761194
,0.0,1.0,1.0
