AUC,Threshold,False Positive Rate,True Positive Rate
0.8146207496794985,,,
,inf,0.0,0.0
,1.25,0.028368794326241134,0.6119402985074627
,1.0,0.031914893617021274,0.6318407960199005
,0.75,0.04018912529550828,0.6318407960199005
,0.5,0.04491725768321513,0.6467661691542289
,0.25,0.04728132387706856,0.6666666666666666
,0.0,1.0,1.0
