AUC,Threshold,False Positive Rate,True Positive Rate
0.8048292814885384,,,
,inf,0.0,0.0
,1.5,0.026004728132387706,0.6268656716417911
,1.0,0.028368794326241134,0.6318407960199005
,0.5,0.028368794326241134,0.6368159203980099
,0.0,1.0,1.0
