AUC,Threshold,False Positive Rate,True Positive Rate
0.5517866829779017,,,
,inf,0.0,0.0
,1.0,0.8860103626943006,0.989659629470056
,0.5,0.917098445595855,0.991813873330461
,0.0,1.0,1.0
