AUC,Threshold,False Positive Rate,True Positive Rate
0.5633604418320672,,,
,inf,0.0,0.0
,1.0,0.8601036269430051,0.986643688065489
,0.75,0.8911917098445595,0.990090478242137
,0.5,0.9119170984455959,0.992675570874623
,0.375,0.917098445595855,0.993537268418785
,0.25,0.9222797927461139,0.993537268418785
,0.125,0.927461139896373,0.994398965962947
,0.0,1.0,1.0
