AUC,Threshold,False Positive Rate,True Positive Rate
0.5589057334139966,,,
,inf,0.0,0.0
,1.0,0.8704663212435233,0.988367083153813
,0.75,0.8963730569948186,0.989659629470056
,0.5,0.917098445595855,0.992244722102542
,0.25,0.927461139896373,0.993106419646704
,0.0,1.0,1.0
