AUC,Threshold,False Positive Rate,True Positive Rate
0.5633604418320672,,,
,inf,0.0,0.0
,1.0,0.005601034037052995,0.07253886010362694
,0.875,0.006462731581214994,0.07772020725388601
,0.75,0.006462731581214994,0.08290155440414508
,0.625,0.007324429125376993,0.08808290155440414
,0.375,0.00990952175786299,0.10880829015544041
,0.125,0.013356311934510987,0.13989637305699482
,0.0,1.0,1.0
