AUC,Threshold,False Positive Rate,True Positive Rate
0.5589057334139966,,,
,inf,0.0,0.0
,1.0,0.006893580353295993,0.07253886010362694
,0.75,0.007755277897457992,0.08290155440414508
,0.5,0.01034037052994399,0.10362694300518134
,0.25,0.011632916846186989,0.12953367875647667
,0.0,1.0,1.0
