AUC,Threshold,False Positive Rate,True Positive Rate
0.5517866829779017,,,
,inf,0.0,0.0
,1.0,0.008186126669538992,0.08290155440414508
,0.5,0.01034037052994399,0.11398963730569948
,0.0,1.0,1.0
