AUC,Threshold,False Positive Rate,True Positive Rate
0.8048292814885384,,,
,inf,0.0,0.0
,1.0,0.36318407960199006,0.9716312056737588
,0.5,0.3681592039800995,0.9716312056737588
,0.0,0.373134328358209,0.9739952718676123
,-0.5,1.0,1.0
