AUC,Threshold,False Positive Rate,True Positive Rate
0.8130564670736153,,,
,inf,0.0,0.0
,1.0,0.3482587064676617,0.9716312056737588
,0.75,0.35323383084577115,0.9716312056737588
,0.25,0.373134328358209,0.9763593380614657
,0.0,0.3880597014925373,0.9775413711583925
,-0.25,1.0,1.0
