AUC,Threshold,False Positive Rate,True Positive Rate
0.8130564670736153,,,
,inf,0.0,0.0
,1.25,0.022458628841607566,0.6119402985074627
,1.0,0.02364066193853428,0.6268656716417911
,0.5,0.028368794326241134,0.6467661691542289
,0.25,0.028368794326241134,0.6517412935323383
,0.0,1.0,1.0
