AUC,Threshold,False Positive Rate,True Positive Rate
0.5518447247813945,,,
,inf,0.0,0.0
,1.0,0.8860103626943006,0.989659629470056
,0.5,0.8963730569948186,0.990952175786299
,0.0,1.0,1.0
