AUC,Threshold,False Positive Rate,True Positive Rate
0.5589235924304559,,,
,inf,0.0,0.0
,1.0,0.8704663212435233,0.988367083153813
,0.75,0.8911917098445595,0.989659629470056
,0.5,0.9015544041450777,0.990952175786299
,0.25,0.917098445595855,0.992244722102542
,0.0,1.0,1.0
