AUC,Threshold,False Positive Rate,True Positive Rate
0.5633470475697226,,,
,inf,0.0,0.0
,1.0,0.8601036269430051,0.986643688065489
,0.875,0.8756476683937824,0.988367083153813
,0.75,0.8860103626943006,0.989659629470056
,0.625,0.8911917098445595,0.990952175786299
,0.5,0.9119170984455959,0.991813873330461
,0.375,0.9119170984455959,0.992675570874623
,0.25,0.917098445595855,0.993537268418785
,0.125,0.9222797927461139,0.993537268418785
,0.0,1.0,1.0
