AUC,Threshold,False Positive Rate,True Positive Rate
0.5633470475697228,,,
,inf,0.0,0.0
,1.0,0.006462731581214994,0.07772020725388601
,0.875,0.006462731581214994,0.08290155440414508
,0.75,0.007324429125376993,0.08808290155440414
,0.625,0.008186126669538992,0.08808290155440414
,0.5,0.00904782421370099,0.10880829015544041
,0.375,0.01034037052994399,0.11398963730569948
,0.25,0.011632916846186989,0.12435233160621761
,0.125,0.013356311934510987,0.13989637305699482
,0.0,1.0,1.0
