AUC,Threshold,False Positive Rate,True Positive Rate
0.5518447247813945,,,
,inf,0.0,0.0
,1.0,0.00904782421370099,0.10362694300518134
,0.5,0.01034037052994399,0.11398963730569948
,0.0,1.0,1.0
