AUC,Threshold,False Positive Rate,True Positive Rate
0.5472895593957401,,,
,inf,0.0,0.0
,1.0,0.00904782421370099,0.10362694300518134
,0.0,1.0,1.0
