AUC,Threshold,False Positive Rate,True Positive Rate
0.5589235924304559,,,
,inf,0.0,0.0
,1.0,0.007755277897457992,0.08290155440414508
,0.75,0.00904782421370099,0.09844559585492228
,0.5,0.01034037052994399,0.10880829015544041
,0.25,0.011632916846186989,0.12953367875647667
,0.0,1.0,1.0
